date,cpi_yoy_northeast,cpi_index_northeast,cpi_yoy_midwest,cpi_index_midwest,cpi_yoy_south,cpi_index_south,cpi_yoy_west,cpi_index_west,hpi_yoy_northeast,hpi_index_northeast,hpi_yoy_midwest,hpi_index_midwest,hpi_yoy_south,hpi_index_south,hpi_yoy_west,hpi_index_west,hpi_yoy_national,hpi_index_national,real_wage_northeast,real_wage_midwest,real_wage_south,real_wage_west,real_wage_yoy_northeast,real_wage_yoy_midwest,real_wage_yoy_south,real_wage_yoy_west,nominal_wage,debt_delinquency_rate,debt_4q_avg,debt_yoy_chg,sentiment,sentiment_12m_avg,sentiment_yoy_chg
2021-01-01,,100.0,,100.0,,100.0,,100.0,,100.0,,100.0,,100.0,,100.0,,100.0,29.93,29.93,29.93,29.93,,,,,29.93,1.88,,,79.0,,
2021-02-01,,100.34387402748126,,100.8417244845828,,100.5558220901251,,100.53226460755104,,101.25009017413147,,100.4540913898633,,101.47133427478923,,100.96989570990009,,101.13009439710214,29.94701997629689,29.799173064116133,29.883898689692085,29.890901311441187,,,,,30.05,1.88,,,76.8,,
2021-03-01,,100.77514937028069,,101.61134824239029,,101.30081871618748,,101.17503881824668,,102.01012779754606,,101.318211516143,,103.26848365581347,,102.21765457192626,,102.4191865657316,29.799013137316233,29.553785595251128,29.64438035208231,29.68123397901199,,,,,30.03,1.88,,,84.9,,
2021-04-01,,101.47221068015415,,102.42134840719193,,101.99393861383821,,102.13360471134611,,103.0003606303832,,102.21639935309457,,105.25533907294951,,103.3697879016291,,103.91401600827956,29.781552798977703,29.505567413402634,29.6292117068022,29.58869422596893,,,,,30.22,1.59,1.8074999999999999,,88.3,,
2021-05-01,,102.00055879529467,,103.26636892499876,,102.8321573308058,,102.75084980485964,,104.18352179996855,,103.15135794120134,,107.41615304862906,,105.17954526884903,,105.68636124627544,29.81356216001714,29.44811589345845,29.57246136748117,29.595862280218093,,,,,30.41,1.59,1.7349999999999999,-0.2899999999999998,82.9,,
2021-06-01,,103.0350464946341,,104.19914632739497,,103.59899678988364,,103.54994614405418,,105.07996668304412,,104.10106068664915,,110.2189583903934,,107.13989968216976,,107.70200228689708,29.64040007648317,29.30926123333386,29.47904993900694,29.493013890624415,,,,,30.54,1.59,1.6625,-0.2899999999999998,85.5,,
2021-07-01,,103.09522444944335,,104.7804841872806,,103.93366019572738,,104.17313637444569,,106.19312724213485,,105.01556079823344,,113.0340473784895,,109.17350009594699,,109.5665745787185,29.739495853210247,29.26117419461385,29.49958650764462,29.431772016342098,,,,,30.66,1.53,1.5750000000000002,-0.34999999999999987,81.2,,
2021-08-01,,103.19981946613557,,104.87771716738905,,104.30108785109428,,104.4154881307091,,107.19049136302925,,106.0893111047295,,115.55964537459835,,110.82849575994234,,111.26922788011318,29.825633571093874,29.348464889709494,29.51071808948258,29.478385391896143,,,,,30.78,1.53,1.56,-0.06000000000000005,70.3,,
2021-09-01,,103.58023010903669,,105.20896850640253,,104.66305479820733,,104.5931428091821,,108.12871252233296,,107.13219816179911,,117.68402758014425,,112.64706775718697,,112.75988415280477,29.90918244474647,29.446158858704806,29.59974755154063,29.619532569663164,,,,,30.98,1.53,1.5450000000000002,-0.06000000000000005,72.8,,
2021-10-01,,104.06308655595834,,106.01114059229717,,105.6483225874396,,105.49820247037924,,109.10228861039866,,108.21797034714066,,119.72775251101133,,114.54437450523226,,114.18752556066536,29.92415565461336,29.374271256791523,29.475148528010987,29.51709059568402,,,,,31.14,1.57,1.54,-0.020000000000000018,71.7,,
2021-11-01,,104.53985356697662,,106.40254453764892,,106.1916630586987,,106.03781107054431,,110.28584167798489,,109.5225345539121,,121.91099446085988,,116.45431797395919,,115.73076377354712,29.873774387862095,29.3508018400347,29.409088341273318,29.45175846682035,,,,,31.23,1.57,1.5500000000000003,0.040000000000000036,67.4,,
2021-12-01,,104.62761308440673,,106.76181215906655,,106.7767389430409,,106.513771734721,,111.81104734020299,,111.1327854424935,,124.57945244096624,,118.08613816031344,,117.48850291704574,30.001640173781464,29.401898829921898,29.397788610817866,29.470367529730048,,,,,31.39,1.57,1.56,0.040000000000000036,70.6,77.61666666666666,
2022-01-01,5.675712464000671,105.67571246400067,7.385998450864362,107.38599845086436,7.740944000436856,107.74094400043685,7.434218809014248,107.43421880901425,13.211781859326678,113.21178185932668,12.31370027496219,112.31370027496219,27.55200572416816,127.55200572416815,20.048852875809885,120.04885287580989,19.39230300551693,119.39230300551694,29.902802889325027,29.426555096434594,29.32961121992014,29.413347395558677,-0.09086906339783596,-1.6820745190959108,-2.005976545539123,-1.726203155500572,31.6,1.69,1.6,0.15999999999999992,67.2,76.63333333333334,-11.799999999999997
2022-02-01,5.749789385004211,106.11343544481538,7.401566438823504,108.30559172036453,8.430500927068053,109.03318160365399,7.636970814345823,108.20988431463063,13.6790113295858,115.10010148026673,13.243855268713943,113.75808586503841,28.95986688964407,130.85729761191396,22.068076727375296,123.25200976671167,20.10407124051927,121.46136062029997,29.817147910977287,29.213634769377084,29.018689113387904,29.23947308547495,-0.4336727508192695,-1.964948132886779,-2.8952366131619223,-2.1793529046810423,31.64,1.69,1.63,0.11999999999999988,62.8,75.46666666666667,-14.0
2022-03-01,6.685600136491576,107.51257289412976,8.0193977139567,109.75996638046111,9.190564933464774,110.61093623843013,8.437374701010691,109.71155594723518,14.175418452038002,116.47049027630696,12.877571564965983,114.36553671247793,30.732001954637212,135.00495607144228,23.064861092182465,125.79401461062795,20.714439966914266,123.63474748149198,29.577935997601166,28.97231208122971,28.74941762670983,28.985096169171033,-0.7418941650729427,-1.9675094148170702,-3.0189962304596363,-2.3453802841660987,31.8,1.69,1.66,0.11999999999999988,59.4,73.34166666666665,-25.500000000000007
2022-04-01,6.815823102067897,108.38837705787112,7.871903070480668,110.48385767728537,9.024471392678102,111.19835242630968,8.082205383343211,110.38825240952903,14.700862704715089,118.14230223201724,12.925652291009172,115.42853571786492,30.91984611666301,137.80012794387738,23.122902511958742,127.27188318494133,20.59316077990403,125.31319639771978,29.486556462540076,28.927302749830332,28.741433036231047,28.952356163255214,-0.9905337657469371,-1.9598493242655946,-2.996295275609162,-2.150612182660039,31.96,1.83,1.725,0.26,65.2,71.41666666666667,-23.099999999999994
2022-05-01,6.930119364932197,109.06931927270642,8.509679066724129,112.05400550437548,9.563871672520662,112.66689289600859,8.30117012804019,111.28037265516808,14.70298454198511,119.50160890551362,12.870714452638744,116.42767467583263,30.51107323838387,140.18997417515078,21.77798418082424,128.08552999896185,19.75344715935117,126.56306076969945,29.43082455639083,28.646900979141314,28.491067051638908,28.84605724629483,-1.2837701230468679,-2.720768001646978,-3.6567612766632895,-2.5334792641754977,32.1,1.83,1.76,0.14000000000000012,58.4,69.375,-24.500000000000007
2022-06-01,7.1817691946670426,110.4347857234966,9.23537412814146,113.82232732905946,9.970858872607335,113.92870655323995,8.947007588678124,112.8145676836348,14.771743798866721,120.6021101453979,12.989174870432496,117.62292950121306,27.931818640700357,141.0051179556671,19.012926639975312,127.51033021088385,17.85052812671941,126.92737849815963,29.14842437472227,28.280918827936947,28.254511943359343,28.533549045075645,-1.6598146465345298,-3.5085920358421174,-4.153926256718599,-3.2531936176715237,32.19,1.83,1.7950000000000002,0.14000000000000012,50.0,66.41666666666667,-35.5
2022-07-01,6.888847967256506,110.19729772326737,8.51096457598528,113.6983140790059,9.719584781319668,114.03558041477979,8.332857751921075,112.85373564424302,13.758756430985342,120.80398096582654,12.53536060682363,118.17964003757011,24.481939878599015,140.70697490003843,15.458399991412875,126.04997642540401,15.544467720434207,126.59811539649289,29.347362111558972,28.44369352524243,28.359569778458827,28.656561358276807,-1.31856216926739,-2.793738432827131,-3.8645176565114348,-2.6339245140756473,32.34,2.05,1.885,0.3599999999999999,51.5,63.94166666666666,-29.700000000000003
2022-08-01,6.981829541313056,110.40505494820398,8.3962208560036,113.68348192949784,9.39103379156634,114.09603825616183,7.980266198664321,112.74812203617441,12.708692997574156,120.81300183294788,11.201231665472267,117.97262061387386,20.055729666269073,138.735975454227,12.002092244824425,124.13023405460193,12.927277500656341,125.65330974101308,29.382712607877487,28.53536806703198,28.432187914507235,28.772097853294497,-1.4850345497627648,-2.77049183230913,-3.6547066449044707,-2.3959505556766736,32.44,2.05,1.94,0.21999999999999975,58.2,62.93333333333334,-12.099999999999994
2022-09-01,6.856937340706248,110.68266158497269,8.259352519394248,113.89854809736481,9.181536305770454,114.27273117323315,8.214135253876865,113.1845650258089,11.26789660436569,120.31254404898127,9.968030402845663,117.81116824580408,16.27965938853231,136.84258642489817,8.988217971770474,122.77203174601092,10.69829238865736,124.82326625658315,29.426469813427406,28.59562351238922,28.50198788950367,28.776008453602515,-1.613927870515408,-2.888442429441529,-3.708679136960491,-2.8478643748909183,32.57,2.05,1.9949999999999999,0.21999999999999975,58.6,61.75,-14.199999999999996
2022-10-01,6.624098583549909,110.95632799850988,7.4840850971217066,113.94510456665404,8.617061338413468,114.7521033478042,8.018695926011876,113.95778253388728,10.127747264200426,120.15189266031834,8.906082818287464,117.85595241052678,13.633636449870036,136.05099901796277,6.892139371071981,122.43893243785551,9.193671584625562,124.68555165132331,29.47105459405538,28.698029743675043,28.496209695511194,28.694837046584425,-1.514164896706538,-2.3021558805825015,-3.3212346040240703,-2.7856863007352906,32.7,2.26,2.1025,0.4299999999999997,59.9,60.76666666666667,-11.800000000000004
2022-11-01,6.379049224591049,111.20850228532947,6.596555355925915,113.42144728818866,8.156811177920398,114.8535165010902,6.989805846055397,113.4496481877824,9.040081965635771,120.25577216216602,7.874023037305866,118.14636415572839,11.158870842504998,135.51488487556068,4.688473065568877,121.9142473058602,7.624738119363483,124.55493143481927,29.51213200928935,28.936326228150474,28.57552907375585,28.929133341758963,-1.210568085161956,-1.4121440843189448,-2.834359426054134,-1.774512464680722,32.82,2.26,2.155,0.20999999999999996,56.7,59.87499999999999,-10.700000000000003
2022-12-01,6.303857359521525,111.22318857191982,5.769349510666544,112.92127424644438,7.290201679628594,114.56097855891909,6.155482739826779,113.07020856939025,7.588647289400874,120.29599335343603,5.941179493946436,117.73538370225441,8.083959679042184,134.65040514466548,2.8083433208281328,121.40240233416246,5.755275580482566,124.25029003530501,29.61612629788988,29.170765402549645,28.75324601304697,29.13234212333215,-1.2849760001737653,-0.7861173480980477,-2.1924866740953286,-1.1470009868621123,32.94,2.26,2.2074999999999996,0.20999999999999996,59.8,58.975,-10.799999999999997
2023-01-01,6.116596670700347,112.1394695743126,5.8697145137218465,113.68924998763987,6.9338903711855915,115.2115829423076,6.552931908881976,114.47431001440822,6.448076317495155,120.51176395401222,4.979237859314489,117.90606656025008,5.100344246903821,134.0575971099312,1.0775278284808953,121.34241267331882,3.928415386497486,124.08252860707935,29.445475464923888,29.0440828869835,28.66031275391366,28.844899782181667,-1.5293797912315443,-1.2997519016333503,-2.2819888780247544,-1.9326178885128997,33.02,2.47,2.3125,0.4200000000000004,64.9,58.78333333333333,-2.299999999999997
2023-02-01,6.304031542099464,112.80285988566187,5.407513076557291,114.162230755286,6.387370499685208,115.99753488027397,6.187302859506705,114.90515758109868,4.743228189759741,120.55956194012083,3.7456519094877683,118.01906778043896,2.064479584651413,133.55881980613847,-1.3098884778908304,121.63754589200862,2.244264790261563,124.18727517047398,29.387552792190885,29.037624598505904,28.578193523005066,28.84987993389516,-1.4407652940818139,-0.6024932270861427,-1.5179720512585537,-1.3324219299058582,33.15,2.47,2.365,0.2100000000000004,66.9,59.125,4.1000000000000085
2023-03-01,4.824001732495975,112.69898127319358,4.68347065558079,114.90054219746536,5.426315585317765,116.61303471060197,5.042107880325641,115.2433309552786,4.129506906743163,121.28014721658467,4.223057192420843,119.1952587362649,-1.127750195760313,133.48243741506045,-2.997061981141569,122.02389002418117,0.8154971460975213,124.64298531878846,29.52111866863304,28.955476940067847,28.530258287648557,28.869349509613517,-0.1920936233438808,-0.058107689557751474,-0.7623087949359397,-0.3993316388600676,33.27,2.47,2.4175,0.2100000000000004,62.0,59.34166666666667,2.6000000000000014
2023-04-01,4.062592947552801,112.79175562019113,4.722891386549932,115.70189027505397,5.496918484532798,117.31083521532742,4.955758380246644,115.85882747912208,3.3284446763989006,122.07460340123394,4.103591058388512,120.16525078841201,-2.9472980043180663,133.73874752303973,-3.399787891249273,122.94490911145476,-0.07692743178934203,125.2167961740379,29.638691069381327,28.89321852955734,28.496941427991942,28.854081063459866,0.5159456548767372,-0.11782716338180066,-0.8506590744132403,-0.339437312946822,33.43,2.75,2.54,0.4900000000000002,63.7,59.21666666666667,-1.5
2023-05-01,3.648055279137963,113.04822833235424,3.6279336551789942,116.11925048204486,4.563582734410709,117.80853976760785,4.524141745546895,116.31485444906069,3.347738826751434,123.50221066543617,4.428312351800345,121.58345577441648,-3.9307445392474105,134.67946442068867,-3.2867939998180162,123.87562248432084,-0.402271183534586,126.05393404722358,29.633370194455626,28.84965228498439,28.435969129303324,28.801136500300657,0.6882091858374739,0.7077599981607285,-0.19338665777495212,-0.15572577427350742,33.5,2.75,2.61,0.2799999999999998,59.0,59.26666666666667,0.6000000000000014
2023-06-01,2.71453732205007,113.43257919848695,2.3484697663475274,116.49541027373556,3.6810950162109224,118.12253049220483,3.4356197166070856,116.6904472141788,3.2014932992189715,124.46317862041948,4.075068611897037,122.41614458171077,-4.2103823647338885,135.06826333588944,-2.070090913904754,124.87075045089837,0.008548385505879885,126.93822873978617,29.700461929062246,28.919594274861804,28.52123118224535,28.87125793439105,1.893884716522476,2.2583263677202314,0.9439881298274999,1.1835502438968026,33.69,2.75,2.68,0.2799999999999998,64.2,60.45000000000001,14.200000000000003
2023-07-01,3.2297490573397702,113.75639390769847,3.2029540084938635,117.34001878738938,3.6896166041298306,118.24305612437934,3.4322581444858002,116.72716717724903,4.0034211975434,125.64027314728874,4.378627309401062,123.35428603040704,-3.4921037410071243,135.79334136569622,0.19522975658647912,126.29606348755664,1.0495711394307605,127.92685267875771,29.75656913620677,28.847788120209408,28.62747387414728,28.999247406217883,1.3943570910811998,1.4206825657447242,0.9446691109254557,1.1958379920628426,33.85,2.94,2.7975,0.46999999999999975,71.5,62.116666666666674,20.0
2023-08-01,3.617870352345709,114.39936669866604,2.887709837348873,116.96633102061669,4.2544681316577515,118.95021784325428,4.051166094397973,117.31573572817436,5.1132648203856546,126.99049055412388,4.931037691211282,123.78989500165365,-1.725952980093859,136.3414577514125,3.1509052403289495,128.04146010426095,2.6871649761871508,129.02982147179355,29.624289869775282,28.974149829515035,28.49091041149524,28.88785531595233,0.8221748111610028,1.5376768978494493,0.20653527320717568,0.40232541696496593,33.89,2.94,2.8449999999999998,0.18999999999999995,69.4,63.050000000000004,11.200000000000003
2023-09-01,3.6463373193740933,114.7185247804221,2.799782962561048,117.08746024159925,4.459516194546187,119.36874212585371,3.9805468269637823,117.68992963755649,6.662474083410097,128.328336115336,5.943130963322862,124.81284026407286,0.27578592096768606,137.21997901214607,5.287098741987539,129.26311029196677,4.082123908006796,129.9187066511981,29.646476072715462,29.046663007143106,28.491545939340075,28.897969524443436,0.7476474775362396,1.5773025356781156,-0.03663586625634041,0.4238290068532935,34.01,2.94,2.8925,0.18999999999999995,67.8,63.81666666666666,9.199999999999996
2023-10-01,3.322583040363636,114.64294413479861,2.75416451224495,117.0833402000692,3.9347650221959407,119.26732897256773,3.3652488798870728,117.79274553415308,7.6023052305458805,129.2862062806336,6.814380410838483,125.88710534459683,1.314039829134761,137.83876333299455,6.368643470576707,130.2366315140028,4.849069044343812,130.73164013921695,29.7270802465857,29.107471602505456,28.574464015907175,28.932172219484237,0.8687359718099863,1.4267246305319947,0.27461308444929333,0.8271006122617441,34.08,3.1,2.98,0.3500000000000001,63.8,64.14166666666667,3.8999999999999986
2023-11-01,3.0035785262656045,114.54873697935322,2.945236330877754,116.76197696072774,3.859973238967851,119.28683150204581,3.4262515913651814,117.33671856421448,8.037394311905066,129.92120275366548,7.016527245012005,126.43613598570617,1.8213031794841683,137.98302178247357,7.453504368687058,131.00113105485445,5.241468039910746,131.08343835810805,29.830097564636578,29.264663796753712,28.64524069399393,29.12131890010193,1.077406251934443,1.1346898912268255,0.24395565890713566,0.6643322358556469,34.17,3.1,3.02,0.16000000000000014,61.3,64.525,4.599999999999994
2023-12-01,3.0981887511916106,114.66909288897168,3.327155043454799,116.67834011766838,4.160254402331565,119.32700671277065,3.707140250276808,117.26187978233807,8.454473936018037,130.4663867575763,8.124443918061175,127.3007289228582,2.1946448124303686,137.6055032760894,8.42658754314376,131.63248204633027,5.748381116156609,131.39267024446428,29.903437043145782,29.388488013644213,28.736160358516898,29.242239731828644,0.9701158833738788,0.7463726374335788,-0.05942165459272841,0.3772357472366705,34.29,3.1,3.06,0.16000000000000014,69.7,65.35000000000001,9.900000000000006
2024-01-01,3.0827759357571427,115.5964781568352,2.9462713178856514,117.038843751545,3.8804777639347865,119.68234279986115,2.9810256707918814,117.88681858239963,8.544797896550227,130.80925062545023,8.237327815517537,127.61837577720019,2.9668833068800415,138.03492958019027,8.611429661034098,131.7917291896834,6.219604888778285,131.79997162244496,29.819247566723377,29.451760539581514,28.801241013173076,29.239910292350814,1.2693702373552496,1.4036513192183575,0.49171919535375697,1.3694293034540506,34.47,3.17,3.1175,0.22999999999999998,79.0,66.52499999999999,14.099999999999994
2024-02-01,2.870307449017817,116.04064877566516,3.183803096466864,117.79693139306843,4.0925919076233,120.74484060582658,3.2157628991170695,118.60023500776367,9.61781796043426,132.15476114141862,9.233524237123337,128.91638700837282,3.5569977556620946,138.30950402913157,8.663883159527508,132.1760807462089,6.527210712905562,132.29324029946667,29.748196312428046,29.30466828954364,28.589213275531236,29.106181786014417,1.2271982045847452,0.919647163740378,0.03856000386204261,0.8883983320087774,34.52,3.17,3.135,0.06999999999999984,76.9,67.35833333333333,10.0
2024-03-01,3.457778173311632,116.59586204920262,3.30677490838418,118.70004449644851,3.9315112938130836,121.19768934030743,3.569564478539511,119.35701596094394,9.741017977120281,133.0940681596301,8.866724714293817,129.76397420089978,3.698655226827041,138.41949256340874,8.82444600033021,132.79182230686735,6.520086916635703,132.76981629706293,29.718035778472093,29.191227473412383,28.589653968325486,29.03055151055233,0.6670381026186556,0.8141828705929832,0.20818486842315576,0.5583845970797974,34.65,3.17,3.1525,0.06999999999999984,79.4,68.80833333333334,17.400000000000006
2024-04-01,3.781404521679499,117.05686816729471,3.1898642224572615,119.39262347764466,3.605224133688889,121.5401537579424,3.693072056408764,120.1375774616364,9.76289781037789,133.9926221837205,8.81897845994295,130.76259837177847,3.395860354177871,138.28032862834868,8.346856514980994,133.20694426746172,6.345566768426791,133.16251158054635,29.694968389485602,29.11402646789861,28.59960179845379,28.933495026649698,0.1898778862148065,0.7642206357709291,0.3602504876576207,0.27522610411738757,34.76,3.22,3.1825,0.1200000000000001,77.2,69.93333333333334,13.5
2024-05-01,4.006032972221085,117.57697763386012,3.3047118932727937,119.9566571631042,3.4393478879861217,121.86038529197238,3.5219482862297147,120.41140347195996,9.587355091183936,135.3428061473936,7.579011002855873,130.79827926521187,2.5431094060353265,138.1045105483692,8.3016383465774,134.15932866254067,5.932304391871757,133.53183711283415,29.674176613596067,29.085505402639157,28.631125624955985,28.97566093740016,0.13770428025117187,0.8175249924156747,0.6863015456418875,0.6059637163890352,34.89,3.22,3.1950000000000003,0.050000000000000266,69.1,70.77499999999999,10.099999999999994
2024-06-01,4.093510004042034,118.07595317581992,3.0733537752031026,120.07572636332173,3.2099564455040586,121.91421227333186,3.0586740351360886,120.25962762460307,9.20205555674125,135.9163494647566,7.107902735109595,131.1173650706499,2.229355104034081,138.0794145584983,8.136770997019816,135.03119745734807,5.453075018821285,133.86026558052967,29.650406419221262,29.156600638889937,28.716914416432044,29.112014307316503,-0.16853444892721559,0.8195355777662172,0.6860967289115782,0.833896373592613,35.01,3.22,3.2075000000000005,0.050000000000000266,68.2,71.10833333333333,4.0
2024-07-01,3.8573443837065735,118.14436977920421,3.1551633936440338,121.0422881062641,3.157203742066561,121.97623031707212,3.135907291950657,120.3876229244478,8.833233145033038,136.73837139844508,6.703992284493099,131.62394784847706,1.8194936633228131,138.2640926070594,7.03766161256838,135.18435306580542,4.922262890398188,134.22374867501856,29.692485613626577,28.981606799437696,28.7597017130395,29.139208124422648,-0.21535924483383484,0.46387847370017443,0.461891396612657,0.48263569134816553,35.08,3.2,3.2150000000000003,0.03000000000000025,66.4,70.68333333333332,-5.099999999999994
2024-08-01,3.5109637380977166,118.41588698006962,3.439639868120725,120.98955157467988,2.6423050816333893,122.09324549394056,2.633085118433698,120.40475890721392,8.173599419695998,137.37018455312483,7.137711570690364,132.62566066053213,1.539118079868751,138.43991377802107,5.7000544302654665,135.3398930235105,4.305133753141277,134.58472786759364,29.742630738329748,29.109951678976778,28.84680463486242,29.251335511697814,0.39947242305107267,0.4687000317897372,1.2491500560248392,1.2582456944969733,35.22,3.2,3.21,-0.020000000000000018,67.9,70.55833333333334,-1.5
2024-09-01,3.609232440938981,118.85898299256372,3.2946268341602414,120.94505512615568,2.1896259892691727,121.9824711265051,2.4764361190020567,120.60444556352903,7.744539148047358,138.26677434382597,6.910252857604338,133.43772312507812,1.0670363953950046,138.68416612995907,4.625262383575501,135.24186830814085,3.9210584641476975,135.01289509485613,29.73271275778206,29.219880021665595,28.971375701472496,29.302402440368148,0.29088342525123156,0.5963404969441477,1.684112765077761,1.3995201828371329,35.34,3.2,3.205,-0.020000000000000018,70.1,70.75,2.299999999999997
2024-10-01,3.7594008454902683,118.95283194589715,2.9688929551692667,120.55941923894594,2.497923302831495,122.24653537563822,2.4110371527138685,120.6327723921832,7.5338431041855,139.02642621717013,6.234591836268688,133.73565253732605,0.907224917206717,139.08927093952107,3.9856372168537435,135.42739116960155,3.5982085569179034,135.43563720130535,29.810135177049116,29.412882231722694,29.006957040572797,29.394997144488865,0.2793914833696176,1.049251660838002,1.5135647843643074,1.5996895134370304,35.46,3.08,3.1700000000000004,-0.14000000000000012,70.5,71.30833333333334,6.700000000000003
2024-11-01,3.911966677924128,119.02984539996847,2.928016937191247,120.1807874223372,2.418384430260545,122.17164566244243,2.6791089704996995,120.48029711695834,7.569685824346695,139.7558296213304,6.235570879939489,134.3201508629516,1.0243919974095794,139.39650881539717,3.8364508883110826,136.02692511090598,3.769380153449431,136.0244714680377,29.90846529320069,29.62203923235676,29.1393308217866,29.548399905953655,0.26271361799705684,1.2211841492014264,1.7248594035946363,1.466557910089139,35.6,3.08,3.14,-0.1200000000000001,71.8,72.18333333333334,10.5
2024-12-01,3.8628781347227914,119.09862020546473,3.1091431053295038,120.30603668484979,2.280936301797465,122.04877972673054,2.7163085879251314,120.44707429322814,7.619724277094053,140.40756570279075,6.59306350068849,135.69374681758154,1.6293102980082796,139.84752391159282,3.428516094981182,136.14552287951193,4.036512509091605,136.69635181491157,29.96676194772775,29.666009273909083,29.242406257490295,29.631271834061135,0.2117646359199421,0.944319626569512,1.7617033474806476,1.3303772412790016,35.69,3.08,3.11,-0.1200000000000001,74.0,72.54166666666667,4.299999999999997
2025-01-01,3.866903409531064,120.0664823119797,3.6466107184094154,121.30679477249129,2.6284228159484835,122.82810080467436,2.8537949242794847,121.25106662749872,8.209350299592511,141.54784023356538,7.485943612680335,137.1718154272999,1.322202761633351,139.8600312311182,3.9917031403668313,137.05246378249177,4.171270980631792,137.29770559121297,29.85012912002674,29.544923734253533,29.17899060980683,29.55850286258166,0.10356248337339835,0.3163247050946616,1.3115740271781418,1.0895812163766783,35.84,3.06,3.075,-0.14000000000000012,71.7,71.93333333333332,-7.299999999999997
2025-02-01,4.10244695989852,120.80115484360894,3.2677886902263698,121.64628619456484,2.1688708562420445,123.36364026414226,2.854320550813094,121.9854658889029,7.968952174105026,142.686110852581,6.87948739573625,137.78517360365242,0.8769674585000997,139.52243337147993,4.4113849155390294,138.00687643419784,3.963294417508645,137.53641090699674,29.751371207111788,29.544675077475404,29.13338154017377,29.462526324842678,0.010672561961055926,0.8190053050946888,1.9034041244789135,1.2242916004856497,35.94,3.06,3.0700000000000003,-0.020000000000000018,64.7,70.91666666666667,-12.200000000000003
2025-03-01,3.4405212855181055,120.60736750103878,2.7181156804487294,121.92644901860609,1.8279947091139004,123.41317668901657,2.5862953011875245,122.44394085637948,8.237140698489686,144.05721381528258,6.394708404009242,138.0620019645011,0.21570989292041265,138.71807710259824,4.060128416632147,138.18334081931215,3.434532659020384,137.32983899910693,29.94012782816853,29.616215587882476,29.25943644655708,29.49104688026596,0.7473308510427268,1.4558761355861982,2.3427442632696582,1.5862439593896216,36.11,3.06,3.065,-0.020000000000000018,57.0,69.05,-22.400000000000006
2025-04-01,3.5028611646623187,121.15720774289684,2.4221405524785355,122.28448062756472,1.87034059582607,123.81336859390662,2.262677895153553,122.85590387063382,8.088292648959271,144.83033759395414,5.8996078400629814,138.47707887719,-0.24037767151737777,137.94793359422525,2.505050216451399,136.54384511316204,2.82050317776692,136.9183644512699,29.812506142142936,29.53768116332664,29.172940216552366,29.40029649534306,0.3958170660957938,1.45515666098317,2.00470769536929,1.6133601152000576,36.12,3.04,3.055,-0.040000000000000036,52.2,66.96666666666665,-25.0
2025-05-01,3.1723545432942535,121.30693622569598,2.1933409810615867,122.5877156841741,1.6301668896556487,123.8469129446089,2.3458238700720946,123.23604291689401,7.592074842429741,145.61813328394828,5.931484910140528,138.5565594625514,-0.6576162103450023,137.1963128997855,0.9640406891087805,135.45267917908274,2.3467311713029515,136.6654703579745,29.90760555727806,29.5951350406668,29.294230382816565,29.43943925923193,0.7866400025908105,1.7521773507892968,2.3160275517864815,1.600578923233975,36.28,3.04,3.05,-0.020000000000000018,52.2,65.55833333333334,-16.89999999999999
2025-06-01,3.3415747720964006,122.02154943905548,2.646829740292267,123.2539263995781,1.899155362170446,124.2295525729687,2.659939513783871,123.45846097891923,7.22622145602263,145.73796587202153,5.988553363477589,138.9693984466915,-0.9725337294190672,136.7365456785325,0.008622773818034446,135.0428408920886,1.9335087478644652,136.4484655254438,29.798015323645973,29.500074409089542,29.268398096051442,29.451201409523918,0.4978309650724544,1.1780309181224302,1.920414121176739,1.1651103857906797,36.36,3.04,3.0450000000000004,-0.020000000000000018,60.7,64.93333333333334,-7.5
2025-07-01,3.219576382698741,121.94811800610374,1.860178563526893,123.29389080241928,1.9483945650887957,124.35280855927013,2.7500682651359964,123.69836473764462,6.496954253109721,145.62220083464933,6.02144696786282,139.54961406518055,-1.2366096361336787,136.55430551456772,0.11916339147530763,135.3454433256626,1.6422342095854026,136.42801699314765,29.90616058394161,29.57972999525487,29.327845846454963,29.483008993166774,0.7196264169173183,2.06380274205078,1.9754868777302592,1.1798565948536233,36.47,2.98,3.0250000000000004,-0.08000000000000007,61.7,64.54166666666667,-4.700000000000003
2025-08-01,3.2176390871911487,122.22608284498445,2.270645404054328,123.7367952668963,1.8446164609815963,124.34539759806846,2.9439869879028135,123.94945934225802,6.06543156671886,145.70227909027003,5.806735588449463,140.32688209752348,-1.1797214580925641,136.80670840861694,0.0017821305058562942,135.34230495703068,1.4821705426356413,136.57950305893348,29.96087181035165,29.595077132078483,29.450225506833586,29.544299906046593,0.7337651936103029,1.6665278542941087,2.0918118301460398,1.00154194406481,36.62,2.98,3.01,-0.06000000000000005,58.2,63.73333333333333,-9.700000000000003
2025-09-01,3.1378363635815587,122.58858338228762,2.667320722322719,124.17104764416025,2.281164564247695,124.76509203243663,3.1452796158508045,124.3977926056486,5.3864488899637575,145.71444347565767,5.3798917165664095,140.616528138259,-1.3165266075948256,136.85835218233711,0.3509377316063045,135.7164830529634,1.308395615808311,136.77939789505314,29.937534954256314,29.556004154182556,29.415279067368203,29.50213121252245,0.6888782673240668,1.1503268742641515,1.532213625165002,0.6816122758560805,36.7,2.98,2.995,-0.06000000000000005,55.1,62.48333333333334,-14.999999999999993
2025-10-01,3.056464799462777,,2.9957247870082693,,2.0602274322617076,,3.1210591772069307,,5.130726831321986,146.15949236972256,5.686762145606017,141.34088100099788,-1.4739512873927274,137.03916283988283,0.08697951534364368,135.54518525808342,1.3224912876418582,137.22676170365486,,,,,0.42737067930267436,0.48659604771918996,1.4076692919711586,0.3644636109572552,36.85,2.94,2.9699999999999998,-0.10000000000000009,53.6,61.07500000000001,-16.9
2025-11-01,3.077960144207914,122.6935366010918,2.6263464267838765,123.33715123848448,1.8373667071068134,124.41638680536866,3.0440247190945957,124.14774714283716,5.332199045023112,147.20788863376316,5.591205736970406,141.83026684390825,-1.423607939988203,137.4120490478348,0.48352352614347005,136.68464729570678,1.288234391777876,137.77678549072303,30.156437759469355,29.999071349115948,29.73884787209029,29.80319889126136,0.8291046158260817,1.2728094571806237,2.057415298828502,0.8623106026677485,37.0,2.94,2.96,-0.040000000000000036,51.0,59.34166666666667,-20.799999999999997
2025-12-01,3.3086709374718026,123.03920163913284,2.130464859829728,122.86911452067437,1.8325050734248505,124.285329807276,3.0378960327046345,124.10613118469094,5.4756596047699,148.09580606001924,5.298101469368999,142.88293921156568,-1.551516763309957,137.67776613503057,0.7999824527024746,137.23466317268802,1.142996702894128,138.25878660913256,30.0879715625737,30.129622195471175,29.786299040607084,29.829307904947882,0.40448018727341495,1.5627748150467857,1.859945376340133,0.6683346971934734,37.02,2.94,2.95,-0.040000000000000036,52.9,57.583333333333336,-21.1
2026-01-01,2.7175469581612877,123.32934534982016,1.6998889383251115,123.36887555826561,1.579534015236428,124.7682124371531,2.8461416437131515,124.70204372823032,5.087911066814521,148.74966846164588,4.639795018740411,143.53630648661158,-1.4906947195338027,137.77514513081758,0.21133405472097966,137.34210231129833,0.8662587651709241,138.48705900027542,30.122595635795427,30.1129436674281,29.77521219093589,29.7910113493913,0.9127816991112647,1.9225635452090328,2.043324901474386,0.7866044091968449,37.15,2.92,2.935,-0.06000000000000005,56.4,56.30833333333334,-15.300000000000004
2026-02-01,2.6962753859976374,124.05828664765808,2.0683815684747087,124.16239555694722,1.5603460268879044,125.2885399236281,2.8456345053968324,125.4567263978066,4.784342386413343,149.51270293362577,5.024829908067341,144.70864421577124,-1.752056769285748,137.07792113292274,-0.853770642470908,136.82861423861158,0.7358005661871614,138.5484045971639,30.042330107179158,30.017139918105137,29.747333652957092,29.70745457028887,0.9779680339500496,1.599153957153976,2.1073836277354374,0.8313212612717225,37.27,,,,56.6,55.63333333333333,-8.100000000000001
2026-03-01,3.6982257307648814,125.06770019916036,2.731680943450421,125.25709059147316,2.8583799774338337,126.94079422101045,3.375641911768912,126.57720984234896,4.009986576870395,149.83388875228889,6.066774769189043,146.4379126655207,-1.7003674674284652,136.35936004810333,-1.6045394475628028,135.96613460590612,0.6645840803700009,138.24251124669274,29.863825704416968,29.818671201470963,29.423165523111294,29.507681553827236,-0.254849024658399,0.6835971766471216,0.5595769995545563,0.05640584286077388,37.35,,,,53.3,55.324999999999996,-3.700000000000003
2026-04-01,4.347543290651235,126.42456979926354,3.4015714073934333,126.44407455627152,3.2927048253310165,127.89017735600305,3.774508687632383,127.49311063550017,,,,,,,,,,,29.590767094876778,29.586202541544477,29.25166011449276,29.342761984178356,-0.7437786216594078,0.16426942233394026,0.2698387524742163,-0.19569364266043277,37.41,,,,49.8,55.12500000000001,-2.4000000000000057
